,타이틀번호,요일,제목,링크
0,183559,mon,신의 탑,http://thumb.comic.naver.net/webtoon/183559/thumbnail/title_thumbnail_20160516123017_t83x90.jpg
1,648419,mon,뷰티풀 군바리,http://thumb.comic.naver.net/webtoon/648419/thumbnail/title_thumbnail_20150210172139_t83x90.jpg
2,602910,mon,윈드브레이커,http://thumb.comic.naver.net/webtoon/602910/thumbnail/thumbnail_IMAG10_891ed7a1-66e9-4286-bcd5-61cb129b7367.jpg
3,679519,mon,대학일기,http://thumb.comic.naver.net/webtoon/679519/thumbnail/title_thumbnail_20160601180804_t83x90.jpg
4,697680,mon,선천적 얼간이들 (재),http://thumb.comic.naver.net/webtoon/697680/thumbnail/thumbnail_IMAG10_56fba87e-5e25-44d6-9cd7-b4c05e757a40.jpg
5,694946,mon,귀전구담,http://thumb.comic.naver.net/webtoon/694946/thumbnail/thumbnail_IMAG10_607e3deb-8d01-44d9-8a50-f49afac2ffaf.png
6,597478,mon,평범한 8반,http://thumb.comic.naver.net/webtoon/597478/thumbnail/title_thumbnail_20160812122730_t83x90.jpg
7,654774,mon,소녀의 세계,http://thumb.comic.naver.net/webtoon/654774/thumbnail/title_thumbnail_20150515115956_t83x90.jpg
8,698888,mon,이것도 친구라고,http://thumb.comic.naver.net/webtoon/698888/thumbnail/thumbnail_IMAG10_49e1ecf6-8b80-46e5-9ffc-45ed48a4fdd8.jpg
9,694807,mon,마왕이 되는 중2야,http://thumb.comic.naver.net/webtoon/694807/thumbnail/thumbnail_IMAG10_49a1f978-53e4-4f40-8d66-42ee26d14cfc.jpg
10,675554,mon,가우스전자 시즌3,http://thumb.comic.naver.net/webtoon/675554/thumbnail/title_thumbnail_20160303181701_t83x90.jpg
11,702170,mon,심연의 하늘 시즌5,http://thumb.comic.naver.net/webtoon/702170/thumbnail/thumbnail_IMAG10_4f60dfb5-0d95-4fa4-a3cc-e64529011ef6.jpg
12,700139,mon,환생동물학교,http://thumb.comic.naver.net/webtoon/700139/thumbnail/thumbnail_IMAG10_34e13db4-712c-4556-9e32-5ecf17061293.jpg
13,644180,mon,하루 3컷,http://thumb.comic.naver.net/webtoon/644180/thumbnail/title_thumbnail_20141231175152_t83x90.jpg
14,700858,mon,닥터 하운드,http://thumb.comic.naver.net/webtoon/700858/thumbnail/thumbnail_IMAG10_a01d69ed-7018-4f26-8c9e-e081b66037eb.jpg
15,679568,mon,마이너스의 손,http://thumb.comic.naver.net/webtoon/679568/thumbnail/title_thumbnail_20160729221220_t83x90.jpg
16,694191,mon,퓨어 이블,http://thumb.comic.naver.net/webtoon/694191/thumbnail/thumbnail_IMAG10_307f3104-80a0-4878-bf7a-6ffbf3fa263f.jpg
17,668723,mon,이상하고 아름다운,http://thumb.comic.naver.net/webtoon/668723/thumbnail/title_thumbnail_20170101225537_t83x90.jpg
18,624632,mon,마루한 - 구현동화전,http://thumb.comic.naver.net/webtoon/624632/thumbnail/title_thumbnail_20140519170435_t83x90.jpg
19,687915,mon,꿈의 기업,http://thumb.comic.naver.net/webtoon/687915/thumbnail/thumbnail_IMAG10_e03acc4a-a1ce-4ebc-a021-e3cc07af5f20.jpg
20,316911,mon,탈(TAL),http://thumb.comic.naver.net/webtoon/316911/thumbnail/title_thumbnail_20160708114201_t83x90.jpg
21,21815,mon,히어로메이커,http://thumb.comic.naver.net/webtoon/21815/thumbnail/thumbnail_title_21815_83x90.gif
22,658076,mon,팀피닉스,http://thumb.comic.naver.net/webtoon/658076/thumbnail/thumbnail_IMAG10_6633fd6e-e82c-4e3b-ae89-b732b10a0d62.jpg
23,698247,mon,찬란하지 않아도 괜찮아,http://thumb.comic.naver.net/webtoon/698247/thumbnail/thumbnail_IMAG10_f6c073ec-8740-4a3f-915e-61f55cc0b3d6.jpg
24,702422,mon,니편내편,http://thumb.comic.naver.net/webtoon/702422/thumbnail/thumbnail_IMAG10_8a7d3a98-291e-4fec-b399-7b8219c90854.jpg
25,702674,mon,우리반 아이돌,http://thumb.comic.naver.net/webtoon/702674/thumbnail/thumbnail_IMAG10_b2a4c286-affe-4a50-8f0a-262989fdcd50.jpg
26,20853,tue,마음의소리,http://thumb.comic.naver.net/webtoon/20853/thumbnail/thumbnail_title_20853_83x90.gif
27,25455,tue,노블레스,http://thumb.comic.naver.net/webtoon/25455/thumbnail/title_thumbnail_20100614120245_t83x90.jpg
28,675331,tue,하이브3,http://thumb.comic.naver.net/webtoon/675331/thumbnail/title_thumbnail_20160229184941_t83x90.jpg
29,655744,tue,오!주예수여,http://thumb.comic.naver.net/webtoon/655744/thumbnail/title_thumbnail_20150601184016_t83x90.jpg
30,698918,tue,원주민 공포만화,http://thumb.comic.naver.net/webtoon/698918/thumbnail/thumbnail_IMAG10_1ffbcabb-b5fd-41d8-9500-faaee1d3cbb4.jpg
31,650304,tue,슈퍼 시크릿,http://thumb.comic.naver.net/webtoon/650304/thumbnail/title_thumbnail_20150323144620_t83x90.jpg
32,683496,tue,신도림,http://thumb.comic.naver.net/webtoon/683496/thumbnail/title_thumbnail_20160805110206_t83x90.jpg
33,695321,tue,빙탕후루,http://thumb.comic.naver.net/webtoon/695321/thumbnail/thumbnail_IMAG10_ed636544-e826-4b9b-96f2-fce37c9f8e54.jpg
34,119874,tue,덴마,http://thumb.comic.naver.net/webtoon/119874/thumbnail/title_thumbnail_20150706185233_t83x90.jpg
35,682637,tue,놓지마 정신줄 시즌2,http://thumb.comic.naver.net/webtoon/682637/thumbnail/title_thumbnail_20160729190602_t83x90.jpg
36,675554,tue,가우스전자 시즌3,http://thumb.comic.naver.net/webtoon/675554/thumbnail/title_thumbnail_20160303181701_t83x90.jpg
37,692512,tue,데모니악,http://thumb.comic.naver.net/webtoon/692512/thumbnail/thumbnail_IMAG10_2fecc521-7a12-499b-af07-ca6479f713e1.jpg
38,676695,tue,제로게임,http://thumb.comic.naver.net/webtoon/676695/thumbnail/title_thumbnail_20160323171611_t83x90.jpg
39,644180,tue,하루 3컷,http://thumb.comic.naver.net/webtoon/644180/thumbnail/title_thumbnail_20141231175152_t83x90.jpg
40,616239,tue,윌유메리미,http://thumb.comic.naver.net/webtoon/616239/thumbnail/title_thumbnail_20161031214436_t83x90.jpg
41,695768,tue,오늘부터 주군,http://thumb.comic.naver.net/webtoon/695768/thumbnail/thumbnail_IMAG10_05d39696-d402-4dc6-b46b-2498013973ac.jpg
42,400739,tue,에이머,http://thumb.comic.naver.net/webtoon/400739/thumbnail/title_thumbnail_20150504175746_t83x90.jpg
43,686312,tue,열정호구,http://thumb.comic.naver.net/webtoon/686312/thumbnail/title_thumbnail_20161010182406_t83x90.jpg
44,702165,tue,간질간질,http://thumb.comic.naver.net/webtoon/702165/thumbnail/thumbnail_IMAG10_68f82b34-0039-440a-a731-0f44ad25f942.jpg
45,666670,tue,모태솔로수용소 시즌2~3,http://thumb.comic.naver.net/webtoon/666670/thumbnail/title_thumbnail_20151109202307_t83x90.jpg
46,602287,tue,신의 언어,http://thumb.comic.naver.net/webtoon/602287/thumbnail/thumbnail_IMAG10_9c263219-ce76-4050-8af8-0f3c1853a36d.jpg
47,700361,tue,미스터리 호러 지하철 (재),http://thumb.comic.naver.net/webtoon/700361/thumbnail/thumbnail_IMAG10_abf5987c-f842-47bc-9d0a-ab618987093d.jpg
48,686669,tue,첩보의 별 시즌2,http://thumb.comic.naver.net/webtoon/686669/thumbnail/title_thumbnail_20161014154832_t83x90.jpg
49,626906,tue,패밀리 사이즈,http://thumb.comic.naver.net/webtoon/626906/thumbnail/title_thumbnail_20150810235651_t83x90.jpg
50,653344,tue,기로,http://thumb.comic.naver.net/webtoon/653344/thumbnail/title_thumbnail_20150420212358_t83x90.jpg
51,626907,wed,복학왕,http://thumb.comic.naver.net/webtoon/626907/thumbnail/title_thumbnail_20150407141027_t83x90.jpg
52,662774,wed,고수,http://thumb.comic.naver.net/webtoon/662774/thumbnail/thumbnail_IMAG10_fddc4c8b-fbe6-422c-9777-590d98f4dc9e.jpg
53,667573,wed,연놈,http://thumb.comic.naver.net/webtoon/667573/thumbnail/title_thumbnail_20151120112903_t83x90.jpg
54,670143,wed,헬퍼 2  킬베로스,http://thumb.comic.naver.net/webtoon/670143/thumbnail/title_thumbnail_20160108202909_t83x90.jpg
55,697681,wed,목욕의 신 (재),http://thumb.comic.naver.net/webtoon/697681/thumbnail/thumbnail_IMAG10_d826c40d-c507-4529-92b6-a44d2c56f5c8.jpg
56,651673,wed,유미의 세포들,http://thumb.comic.naver.net/webtoon/651673/thumbnail/thumbnail_IMAG10_57d95777-25e6-4127-9bba-3cf3b40965be.jpg
57,701535,wed,격기 3반,http://thumb.comic.naver.net/webtoon/701535/thumbnail/thumbnail_IMAG10_fbf4c573-a426-4e0c-80e8-620286e58986.jpg
58,697533,wed,미시령,http://thumb.comic.naver.net/webtoon/697533/thumbnail/thumbnail_IMAG10_d8ba91a4-6234-4699-a44e-34d03b5c5429.jpg
59,642598,wed,조선왕조실톡,http://thumb.comic.naver.net/webtoon/642598/thumbnail/title_thumbnail_20160117000448_t83x90.jpg
60,694131,wed,퍼스트 미션,http://thumb.comic.naver.net/webtoon/694131/thumbnail/thumbnail_IMAG10_ccaed3e0-d0ef-4336-9615-03bfbf8ba038.jpg
61,675554,wed,가우스전자 시즌3,http://thumb.comic.naver.net/webtoon/675554/thumbnail/title_thumbnail_20160303181701_t83x90.jpg
62,702423,wed,10월 28일,http://thumb.comic.naver.net/webtoon/702423/thumbnail/thumbnail_IMAG10_cccbd125-1d5a-4384-abdd-3191837e9ed7.jpg
63,449854,wed,돌아온 럭키짱,http://thumb.comic.naver.net/webtoon/449854/thumbnail/title_thumbnail_20120302192957_t83x90.jpg
64,696593,wed,DEY 호러채널,http://thumb.comic.naver.net/webtoon/696593/thumbnail/thumbnail_IMAG10_022952bb-4b32-4f0b-86b8-19ebf763b6e5.jpg
65,644180,wed,하루 3컷,http://thumb.comic.naver.net/webtoon/644180/thumbnail/title_thumbnail_20141231175152_t83x90.jpg
66,701699,wed,달콤한 인생_스페셜 에피소드,http://thumb.comic.naver.net/webtoon/701699/thumbnail/thumbnail_IMAG10_f4370426-8fec-4d45-b677-dc8b494fbc99.jpg
67,671421,wed,언덕 위의 제임스,http://thumb.comic.naver.net/webtoon/671421/thumbnail/thumbnail_IMAG10_b0f7d54d-f2f8-4b8e-a521-f8dd96ff65f1.jpg
68,694806,wed,야채호빵의 봄방학,http://thumb.comic.naver.net/webtoon/694806/thumbnail/thumbnail_IMAG10_ba63efc6-09c0-4e75-9f7c-e5ac61d24c53.jpg
69,316909,wed,그 판타지 세계에서 사는 법,http://thumb.comic.naver.net/webtoon/316909/thumbnail/thumbnail_IMAG10_da706b81-7dc2-456f-a047-0a67c0c48ab7.jpg
70,681453,wed,지금 이 순간 마법처럼,http://thumb.comic.naver.net/webtoon/681453/thumbnail/thumbnail_IMAG10_864695b9-5f82-4f13-9702-57890ecb3f21.jpg
71,702463,wed,지캠단편 2017,http://thumb.comic.naver.net/webtoon/702463/thumbnail/thumbnail_IMAG10_594f9808-6aad-41fe-8b0f-082408b03671.jpg
72,699413,wed,고민툰,http://thumb.comic.naver.net/webtoon/699413/thumbnail/thumbnail_IMAG10_7474e343-5634-4b27-b9a5-dbd4f69046c1.jpg
73,635174,wed,씬커,http://thumb.comic.naver.net/webtoon/635174/thumbnail/title_thumbnail_20161108161056_t83x90.jpg
74,702435,wed,섬나라 메생이국,http://thumb.comic.naver.net/webtoon/702435/thumbnail/thumbnail_IMAG10_15d29f8f-4efd-4048-949f-07663271541a.png
75,169080,wed,Penguin loves Mev,http://thumb.comic.naver.net/webtoon/169080/thumbnail/title_thumbnail_20140731163812_t83x90.jpg
76,697254,wed,푸른사막 아아루,http://thumb.comic.naver.net/webtoon/697254/thumbnail/thumbnail_IMAG10_d9682b94-f3dd-44be-a3e5-2de5a867ed88.jpg
77,602916,wed,칼부림,http://thumb.comic.naver.net/webtoon/602916/thumbnail/thumbnail_IMAG10_2669be3e-94eb-465e-8c03-b769dd08a490.jpg
78,570503,thu,연애혁명,http://thumb.comic.naver.net/webtoon/570503/thumbnail/thumbnail_IMAG10_5719a3fe-81f4-4a0c-8c27-eca1631e8384.jpg
79,697685,thu,신과함께 (재),http://thumb.comic.naver.net/webtoon/697685/thumbnail/thumbnail_IMAG10_f8d868ff-0505-498c-ac37-d11a7f952496.jpg
80,557672,thu,기기괴괴,http://thumb.comic.naver.net/webtoon/557672/thumbnail/title_thumbnail_20130508182053_t83x90.jpg
81,679519,thu,대학일기,http://thumb.comic.naver.net/webtoon/679519/thumbnail/title_thumbnail_20160601180804_t83x90.jpg
82,699659,thu,좋아하는 부분,http://thumb.comic.naver.net/webtoon/699659/thumbnail/thumbnail_IMAG10_63f587f6-3f4e-409e-a83a-d3caf039d167.jpg
83,570506,thu,최강전설 강해효,http://thumb.comic.naver.net/webtoon/570506/thumbnail/title_thumbnail_20130710192300_t83x90.jpg
84,699415,thu,간 떨어지는 동거,http://thumb.comic.naver.net/webtoon/699415/thumbnail/thumbnail_IMAG10_b309bb62-635c-4356-99ed-d27f0a554592.jpg
85,131385,thu,쿠베라,http://thumb.comic.naver.net/webtoon/131385/thumbnail/thumbnail_IMAG10_c5053bcc-3b95-473d-bfe1-e4256bf56b58.jpg
86,637931,thu,전자오락수호대,http://thumb.comic.naver.net/webtoon/637931/thumbnail/thumbnail_IMAG10_064f190a-2f70-4149-b9af-760bfdede057.jpg
87,701700,thu,트롤트랩,http://thumb.comic.naver.net/webtoon/701700/thumbnail/thumbnail_IMAG10_356f4c5a-804a-4417-b60d-810e555d4359.jpg
88,675554,thu,가우스전자 시즌3,http://thumb.comic.naver.net/webtoon/675554/thumbnail/title_thumbnail_20160303181701_t83x90.jpg
89,670144,thu,가담항설,http://thumb.comic.naver.net/webtoon/670144/thumbnail/title_thumbnail_20151230192753_t83x90.jpg
90,24965,thu,마술사,http://thumb.comic.naver.net/webtoon/24965/thumbnail/title_thumbnail_20141127002232_t83x90.jpg
91,693431,thu,계룡선녀전,http://thumb.comic.naver.net/webtoon/693431/thumbnail/thumbnail_IMAG10_6fd984c4-c6d7-4fa6-b19b-010b2ff5b143.jpg
92,644180,thu,하루 3컷,http://thumb.comic.naver.net/webtoon/644180/thumbnail/title_thumbnail_20141231175152_t83x90.jpg
93,693444,thu,Doll 체인지,http://thumb.comic.naver.net/webtoon/693444/thumbnail/thumbnail_IMAG10_35e3e217-ec81-4f9c-9bb6-36c2bc956b68.jpg
94,694805,thu,하나의 하루,http://thumb.comic.naver.net/webtoon/694805/thumbnail/thumbnail_IMAG10_a3ea91c4-4bc8-45b0-b24e-4f1dde0dd7e9.jpg
95,579352,thu,에피소드칵테일,http://thumb.comic.naver.net/webtoon/579352/thumbnail/title_thumbnail_20130806193438_t83x90.jpg
96,657948,thu,서북의 저승사자,http://thumb.comic.naver.net/webtoon/657948/thumbnail/title_thumbnail_20150701000805_t83x90.jpg
97,652418,thu,파도의 주인,http://thumb.comic.naver.net/webtoon/652418/thumbnail/title_thumbnail_20160621174209_t83x90.jpg
98,646358,thu,백귀야행지,http://thumb.comic.naver.net/webtoon/646358/thumbnail/title_thumbnail_20150120174956_t83x90.jpg
99,687921,thu,아일랜드 2부,http://thumb.comic.naver.net/webtoon/687921/thumbnail/title_thumbnail_20161109000040_t83x90.jpg
100,690594,thu,우리집에 곰이 이사왔다,http://thumb.comic.naver.net/webtoon/690594/thumbnail/title_thumbnail_20170103224105_t83x90.jpg
101,670145,thu,킬더킹,http://thumb.comic.naver.net/webtoon/670145/thumbnail/title_thumbnail_20160105121235_t83x90.jpg
102,670131,thu,천국의 신화 6부,http://thumb.comic.naver.net/webtoon/670131/thumbnail/title_thumbnail_20151230175953_t83x90.jpg
103,160469,thu,특수 영능력 수사반,http://thumb.comic.naver.net/webtoon/160469/thumbnail/title_thumbnail_20100616174201_t83x90.jpg
104,675829,thu,동네변호사 조들호 시즌2,http://thumb.comic.naver.net/webtoon/675829/thumbnail/title_thumbnail_20160308145828_t83x90.jpg
105,641253,fri,외모지상주의,http://thumb.comic.naver.net/webtoon/641253/thumbnail/title_thumbnail_20141120112141_t83x90.jpg
106,318995,fri,갓 오브 하이스쿨,http://thumb.comic.naver.net/webtoon/318995/thumbnail/title_thumbnail_20110407182655_t83x90.jpg
107,697679,fri,쌉니다 천리마마트 (재),http://thumb.comic.naver.net/webtoon/697679/thumbnail/thumbnail_IMAG10_8e80b682-2f76-4189-8889-f2b575f2bebf.jpg
108,701081,fri,스위트홈,http://thumb.comic.naver.net/webtoon/701081/thumbnail/thumbnail_IMAG10_7120be5e-b5c7-4727-aba5-cb500c6098ab.jpg
109,675393,fri,한번 더 해요,http://thumb.comic.naver.net/webtoon/675393/thumbnail/title_thumbnail_20160303164424_t83x90.jpg
110,651664,fri,밥 먹고 갈래요,http://thumb.comic.naver.net/webtoon/651664/thumbnail/title_thumbnail_20150326153630_t83x90.jpg
111,119874,fri,덴마,http://thumb.comic.naver.net/webtoon/119874/thumbnail/title_thumbnail_20150706185233_t83x90.jpg
112,700844,fri,걸어서 30분,http://thumb.comic.naver.net/webtoon/700844/thumbnail/thumbnail_IMAG10_7511a21d-75f1-4ac8-9d24-df2e89f535b2.jpg
113,668101,fri,결계녀,http://thumb.comic.naver.net/webtoon/668101/thumbnail/title_thumbnail_20151203204442_t83x90.jpg
114,670149,fri,테러맨,http://thumb.comic.naver.net/webtoon/670149/thumbnail/title_thumbnail_20160114113016_t83x90.jpg
115,675554,fri,가우스전자 시즌3,http://thumb.comic.naver.net/webtoon/675554/thumbnail/title_thumbnail_20160303181701_t83x90.jpg
116,678499,fri,공대생 너무만화,http://thumb.comic.naver.net/webtoon/678499/thumbnail/title_thumbnail_20160503224849_t83x90.jpg
117,644180,fri,하루 3컷,http://thumb.comic.naver.net/webtoon/644180/thumbnail/title_thumbnail_20141231175152_t83x90.jpg
118,552960,fri,더 게이머,http://thumb.comic.naver.net/webtoon/552960/thumbnail/title_thumbnail_20130905153649_t83x90.jpg
119,679543,fri,아테나 컴플렉스,http://thumb.comic.naver.net/webtoon/679543/thumbnail/title_thumbnail_20160602111920_t83x90.JPG
120,696602,fri,연애학,http://thumb.comic.naver.net/webtoon/696602/thumbnail/thumbnail_IMAG10_38a8b067-ae10-46c9-b5e3-233c0cef7a4d.jpg
121,685460,fri,골든 체인지,http://thumb.comic.naver.net/webtoon/685460/thumbnail/title_thumbnail_20161013114305_t83x90.jpg
122,578108,fri,강변살다,http://thumb.comic.naver.net/webtoon/578108/thumbnail/title_thumbnail_20140127223051_t83x90.jpg
123,509094,fri,조선좀비실록,http://thumb.comic.naver.net/webtoon/509094/thumbnail/title_thumbnail_20121009170030_t83x90.jpg
124,696617,fri,피에는 피,http://thumb.comic.naver.net/webtoon/696617/thumbnail/thumbnail_IMAG10_211651ba-ceb9-4093-9cdc-2ca234fa7f8f.jpg
125,693429,fri,그들에게 사면초가,http://thumb.comic.naver.net/webtoon/693429/thumbnail/thumbnail_IMAG10_b49f3f9f-9388-4fc2-b421-6f11f7a18494.jpg
126,644112,fri,몽홀,http://thumb.comic.naver.net/webtoon/644112/thumbnail/title_thumbnail_20150105174647_t83x90.jpg
127,654333,fri,이별만화 완성도,http://thumb.comic.naver.net/webtoon/654333/thumbnail/title_thumbnail_20160908173314_t83x90.jpg
128,699413,fri,고민툰,http://thumb.comic.naver.net/webtoon/699413/thumbnail/thumbnail_IMAG10_7474e343-5634-4b27-b9a5-dbd4f69046c1.jpg
129,169080,fri,Penguin loves Mev,http://thumb.comic.naver.net/webtoon/169080/thumbnail/title_thumbnail_20140731163812_t83x90.jpg
130,677753,fri,킬러 김빵빵,http://thumb.comic.naver.net/webtoon/677753/thumbnail/title_thumbnail_20160412185136_t83x90.jpg
131,701054,fri,르완 多 한 컷,http://thumb.comic.naver.net/webtoon/701054/thumbnail/thumbnail_IMAG10_9dc306cd-550d-418b-8936-3dbc1741f56d.jpg
132,622643,fri,진눈깨비 소년,http://thumb.comic.naver.net/webtoon/622643/thumbnail/title_thumbnail_20160719191308_t83x90.jpg
133,597447,sat,프리드로우,http://thumb.comic.naver.net/webtoon/597447/thumbnail/title_thumbnail_20131102162055_t83x90.jpg
134,568986,sat,용이산다,http://thumb.comic.naver.net/webtoon/568986/thumbnail/thumbnail_IMAG10_a83d67d4-a409-42f2-9451-01bc2a0666af.jpg
135,650305,sat,호랑이형님,http://thumb.comic.naver.net/webtoon/650305/thumbnail/title_thumbnail_20161209212128_t83x90.jpg
136,677536,sat,내 ID는 강남미인!,http://thumb.comic.naver.net/webtoon/677536/thumbnail/title_thumbnail_20161223191029_t83x90.jpg
137,670139,sat,부활남,http://thumb.comic.naver.net/webtoon/670139/thumbnail/title_thumbnail_20160805231945_t83x90.jpg
138,679567,sat,금수저,http://thumb.comic.naver.net/webtoon/679567/thumbnail/title_thumbnail_20160610142303_t83x90.jpg
139,642700,sat,공복의 저녁식사,http://thumb.comic.naver.net/webtoon/642700/thumbnail/title_thumbnail_20141219235553_t83x90.jpg
140,670150,sat,나노리스트,http://thumb.comic.naver.net/webtoon/670150/thumbnail/title_thumbnail_20160122200146_t83x90.jpg
141,677737,sat,대가리,http://thumb.comic.naver.net/webtoon/677737/thumbnail/title_thumbnail_20160415184239_t83x90.jpg
142,651673,sat,유미의 세포들,http://thumb.comic.naver.net/webtoon/651673/thumbnail/thumbnail_IMAG10_57d95777-25e6-4127-9bba-3cf3b40965be.jpg
143,682637,sat,놓지마 정신줄 시즌2,http://thumb.comic.naver.net/webtoon/682637/thumbnail/title_thumbnail_20160729190602_t83x90.jpg
144,697654,sat,인간의 숲 (재),http://thumb.comic.naver.net/webtoon/697654/thumbnail/thumbnail_IMAG10_af52ba47-e038-4fbb-a94d-70a09666bd58.jpg
145,700843,sat,우리 오빠는 아이돌,http://thumb.comic.naver.net/webtoon/700843/thumbnail/thumbnail_IMAG10_14880dfd-bb04-4b6e-a71e-20328751b164.jpg
146,622644,sat,아메리카노 엑소더스,http://thumb.comic.naver.net/webtoon/622644/thumbnail/title_thumbnail_20150127152059_t83x90.jpg
147,679570,sat,귀각시,http://thumb.comic.naver.net/webtoon/679570/thumbnail/title_thumbnail_20160617142441_t83x90.jpg
148,644180,sat,하루 3컷,http://thumb.comic.naver.net/webtoon/644180/thumbnail/title_thumbnail_20141231175152_t83x90.jpg
149,701699,sat,달콤한 인생_스페셜 에피소드,http://thumb.comic.naver.net/webtoon/701699/thumbnail/thumbnail_IMAG10_f4370426-8fec-4d45-b677-dc8b494fbc99.jpg
150,670151,sat,갸오오와 사랑꾼들,http://thumb.comic.naver.net/webtoon/670151/thumbnail/title_thumbnail_20160808182525_t83x90.jpg
151,616239,sat,윌유메리미,http://thumb.comic.naver.net/webtoon/616239/thumbnail/title_thumbnail_20161031214436_t83x90.jpg
152,64997,sat,나이트런,http://thumb.comic.naver.net/webtoon/64997/thumbnail/title_thumbnail_20110515001535_t83x90.jpg
153,524520,sat,트럼프,http://thumb.comic.naver.net/webtoon/524520/thumbnail/title_thumbnail_20161007190526_t83x90.jpg
154,686669,sat,첩보의 별 시즌2,http://thumb.comic.naver.net/webtoon/686669/thumbnail/title_thumbnail_20161014154832_t83x90.jpg
155,702463,sat,지캠단편 2017,http://thumb.comic.naver.net/webtoon/702463/thumbnail/thumbnail_IMAG10_594f9808-6aad-41fe-8b0f-082408b03671.jpg
156,687137,sat,구름의 이동속도,http://thumb.comic.naver.net/webtoon/687137/thumbnail/title_thumbnail_20161018172728_t83x90.jpg
157,664406,sat,네버랜 연대기,http://thumb.comic.naver.net/webtoon/664406/thumbnail/title_thumbnail_20151005150636_t83x90.jpg
158,697656,sun,조의 영역,http://thumb.comic.naver.net/webtoon/697656/thumbnail/thumbnail_IMAG10_7d08e994-e6e9-437f-9001-e3cd28892a8a.jpg
159,654809,sun,스피릿 핑거스,http://thumb.comic.naver.net/webtoon/654809/thumbnail/title_thumbnail_20150806141807_t83x90.jpg
160,670152,sun,열렙전사,http://thumb.comic.naver.net/webtoon/670152/thumbnail/title_thumbnail_20160122210643_t83x90.jpg
161,557676,sun,다이스(DICE),http://thumb.comic.naver.net/webtoon/557676/thumbnail/thumbnail_IMAG10_e44c2148-c07b-4ccb-b53a-1fee1c6e2122.jpg
162,698469,sun,언원티드,http://thumb.comic.naver.net/webtoon/698469/thumbnail/thumbnail_IMAG10_890975d8-f226-4e26-87b2-a002af9c9ebf.jpg
163,684435,sun,구구까까,http://thumb.comic.naver.net/webtoon/684435/thumbnail/title_thumbnail_20160820210349_t83x90.jpg
164,651617,sun,연애의 정령,http://thumb.comic.naver.net/webtoon/651617/thumbnail/thumbnail_IMAG10_6e112c5d-a48f-4eca-9e0f-b8f8fb048346.jpg
165,119874,sun,덴마,http://thumb.comic.naver.net/webtoon/119874/thumbnail/title_thumbnail_20150706185233_t83x90.jpg
166,699658,sun,오늘도 사랑스럽개,http://thumb.comic.naver.net/webtoon/699658/thumbnail/thumbnail_IMAG10_7a3fecc7-6bcf-4fcd-b1cb-101e8b480480.jpg
167,642598,sun,조선왕조실톡,http://thumb.comic.naver.net/webtoon/642598/thumbnail/title_thumbnail_20160117000448_t83x90.jpg
168,655746,sun,마법스크롤상인 지오,http://thumb.comic.naver.net/webtoon/655746/thumbnail/thumbnail_IMAG10_0a5175a6-514f-47f8-8d70-6d3893d396c0.jpg
169,695585,sun,뱀이 앉은 자리,http://thumb.comic.naver.net/webtoon/695585/thumbnail/thumbnail_IMAG10_07775b75-eb10-4c7c-8bc8-948ca2c2b6fb.jpg
170,644180,sun,하루 3컷,http://thumb.comic.naver.net/webtoon/644180/thumbnail/title_thumbnail_20141231175152_t83x90.jpg
171,675823,sun,감염자,http://thumb.comic.naver.net/webtoon/675823/thumbnail/thumbnail_IMAG10_cc947103-4732-4895-aa93-3ffc1b51566c.jpg
172,374974,sun,심심한 마왕,http://thumb.comic.naver.net/webtoon/374974/thumbnail/title_thumbnail_20140829190825_t83x90.jpg
173,660366,sun,마스크걸,http://thumb.comic.naver.net/webtoon/660366/thumbnail/thumbnail_IMAG10_153d8d39-9168-4359-917c-03c325a48f58.jpg
174,690503,sun,도망자,http://thumb.comic.naver.net/webtoon/690503/thumbnail/title_thumbnail_20170106153614_t83x90.jpg
175,22897,sun,호랭총각,http://thumb.comic.naver.net/webtoon/22897/thumbnail/thumbnail_title_22897_83x90.gif
176,697537,sun,허니허니 웨딩,http://thumb.comic.naver.net/webtoon/697537/thumbnail/thumbnail_IMAG10_b3568141-bbd3-4bd2-85fd-7996263ad332.jpg
177,695796,sun,내일,http://thumb.comic.naver.net/webtoon/695796/thumbnail/thumbnail_IMAG10_cc7165f4-69fb-464a-82a7-e23530268a33.jpg
178,665170,sun,귀도호가록,http://thumb.comic.naver.net/webtoon/665170/thumbnail/title_thumbnail_20151016184500_t83x90.jpg
179,697535,sun,웅이는 배고파,http://thumb.comic.naver.net/webtoon/697535/thumbnail/thumbnail_IMAG10_18d07ed4-3a67-4e36-8406-c7d78f7aa163.jpg
180,686018,sun,오늘도 핸드메이드!,http://thumb.comic.naver.net/webtoon/686018/thumbnail/title_thumbnail_20160922135728_t83x90.jpg
181,626906,sun,패밀리 사이즈,http://thumb.comic.naver.net/webtoon/626906/thumbnail/title_thumbnail_20150810235651_t83x90.jpg
